1.1;real numbers;Real number;2
1.1;real numbers;Number;1
1.1;real numbers;Multiplication;2
1.1;real numbers;Interval (mathematics);2
1.1;real numbers;Addition;2
1.1;real numbers;Integer;1
1.1;real numbers;Union (set theory);1
1.1;real numbers;Rational number;1
1.1;real numbers;Division (mathematics);2
1.1;real numbers;Fraction (mathematics);
1.1;real numbers;Empty set;1
1.1;real numbers;Repeating decimal;
1.1;real numbers;Set (mathematics);2
1.1;real numbers;Natural number;1
1.1;real numbers;Set-builder notation;1
1.1;real numbers;Commutative property;1
1.1;real numbers;Multiplicative inverse;1
1.1;real numbers;Base (topology);
1.1;real numbers;Exponentiation;
1.1;real numbers;Open set;1
1.1;real numbers;Decimal representation;
1.1;real numbers;Closed set;1
1.1;real numbers;Distributive property;1
1.1;real numbers;Associative property;1
1.1;real numbers;Square (algebra);
1.1;real numbers;Element (mathematics);
1.1;real numbers;Algebra;
1.1;real numbers;Subtraction;2
1.1;real numbers;Negative number;1
1.1;real numbers;Ratio;
1.1;real number;Sequence;
1.1;real number;Decimal;
1.1;real number;Prime number;
1.1;real number;Division by zero;
1.1;real number;1 (number);
1.1;real number;Inequality (mathematics);
1.1;real number;Square root of 2;
1.1;real number;Infinity;
1.1;real number;Pi;
1.1;real number;Summation;
1.1;real number;Bracket;
1.1;real number;Measure (mathematics);
1.1;real number;Product (mathematics);
1.1;real number;Real line;2
1.1;real number;Equality (mathematics);
1.2;exponents and radical;Scientific notation;2
1.2;exponents and radical;Fraction (mathematics);
1.2;exponents and radical;Nth root;2
1.2;exponents and radical;Exponentiation;2
1.2;exponents and radical;Significant figures;
1.2;exponents and radical;Square root;1
1.2;exponents and radical;Multiplication;
1.2;exponents and radical;Base (exponentiation);1
1.2;exponents and radical;Number;
1.2;exponents and radical;Irreducible fraction;
1.2;exponents and radical;Rational number;
1.2;exponents and radical;Algebraic equation;
1.2;exponents and radical;Algebra;
1.2;exponents and radical;Decimal;
1.2;exponents and radical;E (mathematical constant);
1.2;exponents and radical;Approximation;
1.2;exponents and radical;Exponential function;
1.2;exponents and radical;Integer;
1.2;exponents and radical;Square (algebra);
1.2;exponents and radical;Equation;
1.2;exponents and radical;Combination;
1.2;exponents and radical;0 (number);
1.2;exponents and radical;Real number;
1.2;exponents and radical;Algebraic number theory;
1.2;exponents and radical;Equality (mathematics);
1.2;exponents and radical;Periodic function;
1.3;algebraic expression;Algebraic expression;2
1.3;algebraic expression;Algebra;
1.3;algebraic expression;Factorization;
1.3;algebraic expression;Monomial;
1.3;algebraic expression;Polynomial;2
1.3;algebraic expression;Binomial;
1.3;algebraic expression;Like terms;
1.3;algebraic expression;Degree of a polynomial;1
1.3;algebraic expression;Nth root;
1.3;algebraic expression;Cube (algebra);
1.3;algebraic expression;Multiplication;
1.3;algebraic expression;Homogeneous polynomial;
1.3;algebraic expression;Square root;
1.3;algebraic expression;Fraction (mathematics);
1.3;algebraic expression;Square (algebra);
1.3;algebraic expression;Exponentiation;
1.3;algebraic expression;Summation;
1.3;algebraic expression;Number;
1.3;algebraic expression;Prime number;
1.3;algebraic expression;Integer;
1.3;algebraic expression;Addition;
1.3;algebraic expression;Field (mathematics);
1.3;algebraic expression;Orbit;
1.3;algebraic expression;Variable (mathematics);
1.3;algebraic expression;Distributive property;
1.3;algebraic expression;Term (logic);
1.3;algebraic expression;Sequence;
1.3;algebraic expression;Division (mathematics);
1.3;algebraic expression;Product (mathematics);
1.3;algebraic expression;Subtraction;
1.3;algebraic expression;Expression (mathematics);
1.3;algebraic expression;Divisor;
1.3;algebraic expression;Empty sum;
1.3;algebraic expression;Calculus;
1.3;algebraic expression;Real number;;
1.4;rational expression;Fraction (mathematics);
1.4;rational expression;Algebraic expression;1
1.4;rational expression;Division (mathematics);
1.4;rational expression;Rationalisation (mathematics);1
1.4;rational expression;Multiplication;
1.4;rational expression;Polynomial;
1.4;rational expression;Factorization;
1.4;rational expression;Addition;
1.4;rational expression;Number;
1.4;rational expression;Nth root;
1.4;rational expression;Square root;
1.4;rational expression;Subtraction;
1.4;rational expression;0 (number);
1.4;rational expression;Combination;
1.4;rational expression;Expression (mathematics);
1.4;rational expression;Algebraic operation;
1.4;rational expression;Parity (mathematics);
1.4;rational expression;Exponentiation;
1.4;rational expression;Quotient;
1.4;rational expression;Square (algebra);
1.4;rational expression;Algebra;
1.4;rational expression;Product (mathematics);
1.4;rational expression;Limit of a function;
1.4;rational expression;Real number;
1.4;rational expression;Exercise (mathematics);
1.4;rational expression;Summation;
1.4;rational expression;Term (logic);
1.4;rational expression;Domain of a function;1
1.4;rational expression;Formula;
1.4;rational expression;Value (mathematics);
1.4;rational expression;Divisor;
1.4;rational expression;Operation (mathematics);
1.4;rational expression;Calculus;
1.4;rational expression;Equation;
1.4;rational expression;Matrix (mathematics);
1.4;rational expression;Variable (mathematics);
1.5;equation;Equation;2
1.5;equation;Quadratic equation;2
1.5;equation;Quadratic formula;
1.5;equation;Linear equation;2
1.5;equation;Extraneous and missing solutions;
1.5;equation;Quartic function;
1.5;equation;Square root;
1.5;equation;Equation solving;2
1.5;equation;Discriminant;
1.5;equation;Quadratic function;
1.5;equation;Line (geometry);
1.5;equation;Trajectory;
1.5;equation;Variable (mathematics);
1.5;equation;Factorization;
1.5;equation;Acceleration;
1.5;equation;Square (algebra);
1.5;equation;Algebra;
1.5;equation;Work (physics);
1.5;equation;constant term;
1.5;equation;Algebraic expression;
1.5;equation;Nth root;
1.5;equation;Complex number;
1.5;equation;Force;
1.5;equation;Exponentiation;
1.5;equation;Number;
1.5;equation;Ratio;
1.5;equation;Term (logic);
1.5;equation;Fraction (mathematics);
1.5;equation;Matrix (mathematics);
1.5;equation;Absolute value;
1.5;equation;Value (mathematics);
1.5;equation;Addition;
1.5;equation;Sphere;
1.5;equation;Multiplicative inverse;
1.5;equation;Coefficient;
1.5;equation;Distance;
1.5;equation;Parameter;
1.5;equation;Line segment;
1.5;equation;Real number;
1.5;equation;Multiplication;
1.5;equation;Inequality (mathematics);
1.5;equation;Expression (mathematics);
1.5;equation;Summation;
1.5;equation;Area;
1.5;equation;Approximation;
1.5;equation;constant (mathematics);
1.5;equation;Constant (mathematics);
1.5;equation;Speed;
1.5;equation;Formula;
1.5;equation;Equality (mathematics);
#1.6;modeling with equation;Equation;
#1.6;modeling with equation;Word problem (mathematics education);
#1.6;modeling with equation;Ratio;
#1.6;modeling with equation;Pythagorean theorem;
#1.6;modeling with equation;Area;
#1.6;modeling with equation;Square root;
#1.6;modeling with equation;Triangle;
#1.6;modeling with equation;Fraction (mathematics);
#1.6;modeling with equation;Annulus (mathematics);
#1.6;modeling with equation;Square (algebra);
#1.6;modeling with equation;Tree (set theory);
#1.6;modeling with equation;Cathetus;
#1.6;modeling with equation;Geometry;
#1.6;modeling with equation;Term (logic);
#1.6;modeling with equation;Algebra;
#1.6;modeling with equation;Speed;
#1.6;modeling with equation;Rectangle;
#1.6;modeling with equation;Formula;
#1.6;modeling with equation;Similarity (geometry);
#1.6;modeling with equation;Multiplication;
#1.6;modeling with equation;Distance;
#1.6;modeling with equation;Circle;
#1.6;modeling with equation;Exercise (mathematics);
#1.6;modeling with equation;Turn (geometry);
#1.6;modeling with equation;Work (physics);
#1.6;modeling with equation;Number;
#1.6;modeling with equation;Variable (mathematics);
#1.6;modeling with equation;Subtraction;
#1.6;modeling with equation;Quadratic formula;
#1.6;modeling with equation;Length;
#1.6;modeling with equation;Mathematics;
#1.6;modeling with equation;Nth root;
#1.6;modeling with equation;Theorem;
#1.6;modeling with equation;Summation;
#1.6;modeling with equation;Matrix (mathematics);
#1.6;modeling with equation;Mathematical proof;
#1.6;modeling with equation;Position (vector);
#1.6;modeling with equation;Radius;
#1.6;modeling with equation;Factorization;
#1.6;modeling with equation;Inequality (mathematics);
#1.6;modeling with equation;Flow (mathematics);
#1.6;modeling with equation;Dimension;
#1.6;modeling with equation;Decimal;
#1.6;modeling with equation;Combination;
#1.6;modeling with equation;Line (geometry);
#1.6;modeling with equation;Integer;
#1.6;modeling with equation;Distributive property;
#1.6;modeling with equation;constant (mathematics);
#1.6;modeling with equation;Constant (mathematics);
#1.6;modeling with equation;Scientific notation;
1.7;inequalities;Solution set;
1.7;inequalities;Linear inequality;2
1.7;inequalities;Inequality (mathematics);2
1.7;inequalities;Negative number;
1.7;inequalities;Sign (mathematics);
1.7;inequalities;Absolute value;
1.7;inequalities;Interval (mathematics);
1.7;inequalities;Equation;
1.7;inequalities;Calculus;
1.7;inequalities;Square (algebra);
1.7;inequalities;Distance;
1.7;inequalities;Addition;
1.7;inequalities;Fraction (mathematics);
1.7;inequalities;Number;
1.7;inequalities;Multiplication;
1.7;inequalities;Factorization;
1.7;inequalities;Exponentiation;
1.7;inequalities;Work (physics);
1.7;inequalities;Analytic geometry;
1.7;inequalities;Real line;
1.7;inequalities;Open set;
1.7;inequalities;Equality (mathematics);
1.7;inequalities;Term (logic);
1.7;inequalities;Parity (mathematics);
1.7;inequalities;Level of measurement;
1.7;inequalities;Angle;
1.7;inequalities;Integer;
1.7;inequalities;Variable (mathematics);
1.7;inequalities;Value (mathematics);
1.7;inequalities;Minute of arc;
1.7;inequalities;Formula;
1.7;inequalities;Direction (geometry);
1.7;inequalities;Base (topology);
1.7;inequalities;Plane (geometry);
1.7;inequalities;Real number;
1.7;inequalities;Force;
1.8;coordinate geometry;Geometry;1
1.8;coordinate geometry;Perpendicular;
1.8;coordinate geometry;Parallelogram;
1.8;coordinate geometry;Line segment;
1.8;coordinate geometry;Circle;1
1.8;coordinate geometry;Analytic geometry;2
1.8;coordinate geometry;Cartesian coordinate system;1
1.8;coordinate geometry;Triangle;
1.8;coordinate geometry;Line (geometry);
1.8;coordinate geometry;Area;
1.8;coordinate geometry;Origin (mathematics);
1.8;coordinate geometry;Radius;
1.8;coordinate geometry;Pythagorean theorem;1
1.8;coordinate geometry;Right triangle;
1.8;coordinate geometry;Coordinate system;1
1.8;coordinate geometry;Distance;1
1.8;coordinate geometry;Quadrant (plane geometry);
1.8;coordinate geometry;Angle;
1.8;coordinate geometry;Line-line intersection;
1.8;coordinate geometry;Interval (mathematics);
1.8;coordinate geometry;Tangent;
1.8;coordinate geometry;Trigonometric functions;
1.8;coordinate geometry;Symmetry;1
1.8;coordinate geometry;Graph of a function;1
1.8;coordinate geometry;Quadratic equation;
1.8;coordinate geometry;Congruence (geometry);
1.8;coordinate geometry;Plane (geometry);
1.8;coordinate geometry;Square root;
1.8;coordinate geometry;Curve;
1.8;coordinate geometry;Intercept;1
1.8;coordinate geometry;Equation;
1.8;coordinate geometry;Point (geometry);
1.8;coordinate geometry;Group action;
1.8;coordinate geometry;Orbit;
1.8;coordinate geometry;Reflection (mathematics);
1.10;lines;Slope;1
1.10;lines;Linear equation;
1.10;lines;Line (geometry);2
1.10;lines;Tangent;
1.10;lines;Perpendicular;1
1.10;lines;Parallel (geometry);1
1.10;lines;Circle;
1.10;lines;Plane (geometry);
1.10;lines;Triangle;
1.10;lines;Cartesian coordinate system;
1.10;lines;Angle;
1.10;lines;Trigonometric functions;
1.10;lines;Equation;
1.10;lines;Coordinate system;
1.10;lines;Distance;
1.10;lines;Origin (mathematics);
1.10;lines;Area;
1.10;lines;Space (mathematics);
1.10;lines;Point (geometry);
1.10;lines;Line segment;
1.10;lines;Graph of a function;
1.10;lines;Absolute value;
1.10;lines;Right triangle;
1.10;lines;Gradian;
1.10;lines;Similarity (geometry);
1.10;lines;Speed;
1.10;lines;Rectangle;
#1.11;making models using variation;Proportionality (mathematics);
#1.11;making models using variation;Linear equation;
#1.11;making models using variation;Line (geometry);
#1.11;making models using variation;Force;
#1.11;making models using variation;Slope;
#1.11;making models using variation;Inverse function;
#1.11;making models using variation;Frequency;
#1.11;making models using variation;Calculus;
#1.11;making models using variation;Speed;
#1.11;making models using variation;Absolute value;
#1.11;making models using variation;Square (algebra);
#1.11;making models using variation;Quadratic equation;
#1.11;making models using variation;Area;
#1.11;making models using variation;Ratio;
#1.11;making models using variation;Approximation;
#1.11;making models using variation;Circle;
#1.11;making models using variation;Curve fitting;
#1.11;making models using variation;Work (physics);
#1.11;making models using variation;Interval (mathematics);
#1.11;making models using variation;Exponential decay;
#1.11;making models using variation;Cartesian coordinate system;
#1.11;making models using variation;Graph of a function;
#1.11;making models using variation;Perpendicular;
#1.11;making models using variation;Square root;
#1.11;making models using variation;Coordinate system;
#1.11;making models using variation;Equation;
#1.11;making models using variation;Term (logic);
#1.11;making models using variation;Density;
#1.11;making models using variation;Curve;
#1.11;making models using variation;Distance;
#1.11;making models using variation;Radius;
#1.11;making models using variation;Level of measurement;
#1.11;making models using variation;Equation solving;
#1.11;making models using variation;Nth root;
#1.11;making models using variation;Function (mathematics);
#1.11;making models using variation;Inequality (mathematics);
#1.11;making models using variation;Plane (geometry);
#1.11;making models using variation;Number;
#1.11;making models using variation;Statistical unit;
#1.11;making models using variation;Dimension;
#1.11;making models using variation;Mathematics;
#1.11;making models using variation;Exponentiation;
#1.11;making models using variation;Level (logarithmic quantity);
#1.11;making models using variation;Angle;
#1.11;making models using variation;Pole (complex analysis);
#1.11;making models using variation;Discriminant;
#1.11;making models using variation;Fraction (mathematics);
#1.11;making models using variation;Linear inequality;
#1.11;making models using variation;Integer;
#1.11;making models using variation;Variable (mathematics);
#2;functions;Graph of a function;
#2;functions;Injective function;
#2;functions;Image (mathematics);
#2;functions;Function (mathematics);
#2;functions;Inverse function;
#2;functions;Transformation (function);
#2;functions;Distance;
#2;functions;Inverse element;
#2;functions;Focus (geometry);
#2;functions;Mathematics;
#2;functions;Graph (mathematics);
#2;functions;Minute of arc;
#2;functions;Real number;
#2;functions;Mereology;
#2;functions;Combination;
2.1;what is a function?;Domain of a function;1
2.1;what is a function?;Dependent and independent variables;1
2.1;what is a function?;Function (mathematics);2
2.1;what is a function?;Acceleration;
2.1;what is a function?;Range (mathematics);1
2.1;what is a function?;Finitary relation;
2.1;what is a function?;Square (algebra);
2.1;what is a function?;Variable (mathematics);
2.1;what is a function?;Force;
2.1;what is a function?;Sphere;
2.1;what is a function?;Theory of relativity;
2.1;what is a function?;Square root;
2.1;what is a function?;Area;
2.1;what is a function?;Image (mathematics);
2.1;what is a function?;Differential equation;
2.1;what is a function?;Orbit;
2.1;what is a function?;Centripetal force;
2.1;what is a function?;Value (mathematics);
2.1;what is a function?;Monotonic function;
2.1;what is a function?;Inequality (mathematics);
2.1;what is a function?;Interval (mathematics);
2.1;what is a function?;Piecewise;1
2.1;what is a function?;Speed;
2.1;what is a function?;Formula;
2.1;what is a function?;Numerical analysis;
2.1;what is a function?;Pi;
2.1;what is a function?;Maxima and minima;
2.1;what is a function?;Length;
2.1;what is a function?;Term (logic);
2.1;what is a function?;Element (mathematics);
2.1;what is a function?;Expression (mathematics);
2.1;what is a function?;Binary relation;
2.1;what is a function?;Total order;
2.1;what is a function?;Order of magnitude;
2.1;what is a function?;Set (mathematics);
2.1;what is a function?;Matrix (mathematics);
2.1;what is a function?;Radius;
2.1;what is a function?;Limit of a function;
2.2;graphs of functions;Vertical line test;1
2.2;graphs of functions;Graph of a function;2
2.2;graphs of functions;Piecewise;
2.2;graphs of functions;Slope;
2.2;graphs of functions;Variable (mathematics);
2.2;graphs of functions;Constant function;1
2.2;graphs of functions;Function (mathematics);
2.2;graphs of functions;Line (geometry);
2.2;graphs of functions;Floor and ceiling functions;
2.2;graphs of functions;Linear function;1
2.2;graphs of functions;Value (mathematics);
2.2;graphs of functions;Curve;
2.2;graphs of functions;Line segment;
2.2;graphs of functions;Absolute value;
2.2;graphs of functions;Constant (mathematics);
2.2;graphs of functions;Cartesian coordinate system;
2.2;graphs of functions;Square root;
2.2;graphs of functions;Equation;
2.2;graphs of functions;Finitary relation;
2.2;graphs of functions;Circle;
2.2;graphs of functions;Square (algebra);
2.2;graphs of functions;Parabola;
2.2;graphs of functions;Exponentiation;
2.2;graphs of functions;Series (mathematics);
2.2;graphs of functions;Point (geometry);
2.2;graphs of functions;Inequality (mathematics);
2.2;graphs of functions;Nth root;
2.2;graphs of functions;Radius;
2.2;graphs of functions;Integer;
2.2;graphs of functions;Binary relation;
2.2;graphs of functions;Functional (mathematics);
2.2;graphs of functions;Continuous function;
2.2;graphs of functions;Set (mathematics);
2.2;graphs of functions;Vertical bar;
2.2;graphs of functions;Coordinate system;
2.2;graphs of functions;Number;
2.2;graphs of functions;Distance;
#2.3;getting information from the graph of a function;Graph of a function;
#2.3;getting information from the graph of a function;Maxima and minima;
#2.3;getting information from the graph of a function;Monotonic function;
#2.3;getting information from the graph of a function;Domain of a function;
#2.3;getting information from the graph of a function;Interval (mathematics);
#2.3;getting information from the graph of a function;Work (physics);
#2.3;getting information from the graph of a function;Periodic function;
#2.3;getting information from the graph of a function;Inequality (mathematics);
#2.3;getting information from the graph of a function;Acceleration;
#2.3;getting information from the graph of a function;Speed;
#2.3;getting information from the graph of a function;Force;
#2.3;getting information from the graph of a function;Range (mathematics);
#2.3;getting information from the graph of a function;Distance;
#2.3;getting information from the graph of a function;Value (mathematics);
#2.3;getting information from the graph of a function;Function (mathematics);
#2.3;getting information from the graph of a function;Area;
#2.3;getting information from the graph of a function;Minute of arc;
#2.3;getting information from the graph of a function;Point (geometry);
#2.3;getting information from the graph of a function;Cartesian coordinate system;
#2.3;getting information from the graph of a function;Variable (mathematics);
#2.3;getting information from the graph of a function;Angle;
#2.3;getting information from the graph of a function;Measure (mathematics);
#2.3;getting information from the graph of a function;Curve;
#2.3;getting information from the graph of a function;Formula;
#2.3;getting information from the graph of a function;Open set;
#2.3;getting information from the graph of a function;Frequency;
#2.3;getting information from the graph of a function;Parabola;
#2.3;getting information from the graph of a function;Radius;
#2.3;getting information from the graph of a function;Asterisk;
#2.3;getting information from the graph of a function;Exercise (mathematics);
#2.3;getting information from the graph of a function;constant (mathematics);
#2.3;getting information from the graph of a function;Constant (mathematics);
#2.3;getting information from the graph of a function;Exponentiation;
#2.3;getting information from the graph of a function;Metric (mathematics);
#2.3;getting information from the graph of a function;Statistical unit;
#2.3;getting information from the graph of a function;Complete metric space;
#2.3;getting information from the graph of a function;Mathematics;
#2.3;getting information from the graph of a function;Significant figures;
#2.3;getting information from the graph of a function;Total order;
#2.3;getting information from the graph of a function;Partially ordered set;
#2.3;getting information from the graph of a function;Coordinate system;
#2.3;getting information from the graph of a function;Real number;
#2.3;getting information from the graph of a function;Space (mathematics);
#2.3;getting information from the graph of a function;Algebra;
#2.3;getting information from the graph of a function;Number;
#2.3;getting information from the graph of a function;Decimal;
#2.3;getting information from the graph of a function;Arithmetic mean;
#2.3;getting information from the graph of a function;Trace (linear algebra);
#2.3;getting information from the graph of a function;Mathematical object;
#2.3;getting information from the graph of a function;Surface;
#2.4;average rate of change of a function;Slope;
#2.4;average rate of change of a function;Speed;
#2.4;average rate of change of a function;Derivative;
#2.4;average rate of change of a function;Calculus;
#2.4;average rate of change of a function;Secant line;
#2.4;average rate of change of a function;Linear function;
#2.4;average rate of change of a function;Periodic function;
#2.4;average rate of change of a function;Frequency;
#2.4;average rate of change of a function;Difference quotient;
#2.4;average rate of change of a function;constant (mathematics);
#2.4;average rate of change of a function;Constant (mathematics);
#2.4;average rate of change of a function;Monotonic function;
#2.4;average rate of change of a function;Exponential function;
#2.4;average rate of change of a function;Minute of arc;
#2.4;average rate of change of a function;Value (mathematics);
#2.4;average rate of change of a function;Line (geometry);
#2.4;average rate of change of a function;Dependent and independent variables;
#2.4;average rate of change of a function;Sign (mathematics);
#2.4;average rate of change of a function;Graph of a function;
#2.4;average rate of change of a function;Subtraction;
#2.4;average rate of change of a function;Statistical unit;
#2.4;average rate of change of a function;Exercise (mathematics);
#2.4;average rate of change of a function;Product (mathematics);
#2.4;average rate of change of a function;Variable (mathematics);
#2.4;average rate of change of a function;Interval (mathematics);
#2.4;average rate of change of a function;Transformation (function);
#2.4;average rate of change of a function;Distance;
#2.4;average rate of change of a function;Fraction (mathematics);
#2.4;average rate of change of a function;Point (geometry);
#2.4;average rate of change of a function;Mathematics;
#2.4;average rate of change of a function;Multiplication;
#2.4;average rate of change of a function;Function (mathematics);
#2.4;average rate of change of a function;Total order;
#2.4;average rate of change of a function;Complete metric space;
#2.4;average rate of change of a function;E (mathematical constant);
#2.4;average rate of change of a function;Set (mathematics);
#2.4;average rate of change of a function;Real number;
#2.4;average rate of change of a function;Partially ordered set;
#2.4;average rate of change of a function;Graph (mathematics);
#2.4;average rate of change of a function;Number;
#2.4;average rate of change of a function;Scientific notation;
#2.4;average rate of change of a function;Quotient;
#2.4;average rate of change of a function;Divisor;
#2.4;average rate of change of a function;Mereology;
#2.4;average rate of change of a function;Mathematical object;
#2.4;average rate of change of a function;Category (mathematics);
#2.4;average rate of change of a function;Category of sets;
#2.4;average rate of change of a function;Algebraic number theory;
#2.4;average rate of change of a function;Universal quantification;
#2.4;average rate of change of a function;Unit (ring theory);
2.5;transformations of functions;Even and odd functions;1
2.5;transformations of functions;Cartesian coordinate system;
2.5;transformations of functions;Parity (mathematics);
2.5;transformations of functions;Transformation (function);2
2.5;transformations of functions;Symmetry;
2.5;transformations of functions;Parabola;
2.5;transformations of functions;Graph of a function;
2.5;transformations of functions;Origin (mathematics);
2.5;transformations of functions;Statistical unit;
2.5;transformations of functions;Function (mathematics);
2.5;transformations of functions;Calculus;
2.5;transformations of functions;Multiplication;
2.5;transformations of functions;Geometry;
2.5;transformations of functions;Value (mathematics);
2.5;transformations of functions;Equation;
2.5;transformations of functions;Ratio;
2.5;transformations of functions;Reflection (mathematics);
2.5;transformations of functions;Exponentiation;
2.5;transformations of functions;Addition;
2.5;transformations of functions;Formula;
2.5;transformations of functions;sum;
2.5;transformations of functions;Symmetric matrix;
2.5;transformations of functions;Floor and ceiling functions;
2.5;transformations of functions;Sign (mathematics);
2.5;transformations of functions;Work (physics);
2.5;transformations of functions;Angle;
2.5;transformations of functions;Operation (mathematics);
2.5;transformations of functions;constant (mathematics);
2.5;transformations of functions;Constant (mathematics);
2.5;transformations of functions;Distance;
2.5;transformations of functions;Number;
2.5;transformations of functions;Direction (geometry);
2.5;transformations of functions;Rectangle;
2.5;transformations of functions;Unit (ring theory);
2.5;transformations of functions;Algebra;
2.5;transformations of functions;Domain of a function;
2.5;transformations of functions;Plane (geometry);
2.5;transformations of functions;Point (geometry);
2.5;transformations of functions;Mathematics;
2.5;transformations of functions;Exercise (mathematics);
2.6;combining functions;Function composition;2
2.6;combining functions;Even and odd functions;
2.6;combining functions;Inverse function;
2.6;combining functions;Operation (mathematics);
2.6;combining functions;Function (mathematics);
2.6;combining functions;Transformation (function);
2.6;combining functions;Square (algebra);
2.6;combining functions;Addition;
2.6;combining functions;Product (mathematics);
2.6;combining functions;Parity (mathematics);
2.6;combining functions;Morphism;
2.6;combining functions;Slope;
2.6;combining functions;sum;
2.6;combining functions;Sphere;
2.6;combining functions;Distance;
2.6;combining functions;Plane (geometry);
2.6;combining functions;Graph of a function;
2.6;combining functions;Domain of a function;
2.6;combining functions;Summation;
2.6;combining functions;Multiplication;
2.6;combining functions;Integer;
2.6;combining functions;Pythagorean theorem;
2.6;combining functions;Calculus;
#2.7;one-to-one functions and their inverses;Area;
#2.7;one-to-one functions and their inverses;Inverse function;
#2.7;one-to-one functions and their inverses;Function (mathematics);
#2.7;one-to-one functions and their inverses;Cylinder (geometry);
#2.7;one-to-one functions and their inverses;Triangle;
#2.7;one-to-one functions and their inverses;Square (algebra);
#2.7;one-to-one functions and their inverses;Injective function;
#2.7;one-to-one functions and their inverses;Cone;
#2.7;one-to-one functions and their inverses;Slope;
#2.7;one-to-one functions and their inverses;Graph of a function;
#2.7;one-to-one functions and their inverses;Inequality (mathematics);
#2.7;one-to-one functions and their inverses;Parabola;
#2.7;one-to-one functions and their inverses;Proportionality (mathematics);
#2.7;one-to-one functions and their inverses;Equation solving;
#2.7;one-to-one functions and their inverses;Cube root;
#2.7;one-to-one functions and their inverses;Ratio;
#2.7;one-to-one functions and their inverses;Circle;
#2.7;one-to-one functions and their inverses;Right triangle;
#2.7;one-to-one functions and their inverses;Addition;
#2.7;one-to-one functions and their inverses;Cube (algebra);
#2.7;one-to-one functions and their inverses;Rectangle;
#2.7;one-to-one functions and their inverses;Multiplicative inverse;
#2.7;one-to-one functions and their inverses;Hypotenuse;
#2.7;one-to-one functions and their inverses;Cartesian coordinate system;
#2.7;one-to-one functions and their inverses;Line (geometry);
#2.7;one-to-one functions and their inverses;Length;
#2.7;one-to-one functions and their inverses;Multiplication;
#2.7;one-to-one functions and their inverses;Vertical line test;
#2.7;one-to-one functions and their inverses;Even and odd functions;
#2.7;one-to-one functions and their inverses;Linear equation;
#2.7;one-to-one functions and their inverses;Nth root;
#2.7;one-to-one functions and their inverses;Monotonic function;
#2.7;one-to-one functions and their inverses;Interval (mathematics);
#2.7;one-to-one functions and their inverses;Function composition;
#2.7;one-to-one functions and their inverses;Arithmetic;
#2.7;one-to-one functions and their inverses;Distance;
#2.7;one-to-one functions and their inverses;Exponentiation;
#2.7;one-to-one functions and their inverses;Variable (mathematics);
#2.7;one-to-one functions and their inverses;Angle;
#2.7;one-to-one functions and their inverses;Additive inverse;
#2.7;one-to-one functions and their inverses;Work (physics);
#2.7;one-to-one functions and their inverses;Cathetus;
#2.7;one-to-one functions and their inverses;Maxima and minima;
#2.7;one-to-one functions and their inverses;Algebra;
#2.7;one-to-one functions and their inverses;Speed;
#2.7;one-to-one functions and their inverses;Domain of a function;
#2.7;one-to-one functions and their inverses;1 (number);
#2.7;one-to-one functions and their inverses;Geometry;
#2.7;one-to-one functions and their inverses;Equation;
#2.7;one-to-one functions and their inverses;Identity (mathematics);
3.1;quadratic functions and models;Quadratic function;2
3.1;quadratic functions and models;Maxima and minima;
3.1;quadratic functions and models;Parabola;
3.1;quadratic functions and models;Polynomial;
3.1;quadratic functions and models;Rational function;
3.1;quadratic functions and models;Zero of a function;
3.1;quadratic functions and models;Graph (mathematics);
3.1;quadratic functions and models;Graph of a function;
3.1;quadratic functions and models;Homogeneous polynomial;
3.2;polynomial functions and their graphs;Polynomial;1
3.2;polynomial functions and their graphs;Maxima and minima;
3.2;polynomial functions and their graphs;Monomial;
3.2;polynomial functions and their graphs;Zero of a function;1
3.2;polynomial functions and their graphs;Multiplicity (mathematics);
3.2;polynomial functions and their graphs;Coefficient;
3.2;polynomial functions and their graphs;Zero (complex analysis);
3.2;polynomial functions and their graphs;Even and odd functions;
3.2;polynomial functions and their graphs;Spline (mathematics);
3.2;polynomial functions and their graphs;Intermediate value theorem;
3.3;dividing polynomials;Polynomial;
3.3;dividing polynomials;Synthetic division;2
3.3;dividing polynomials;Polynomial long division;2
3.3;dividing polynomials;Division (mathematics);
3.3;dividing polynomials;Quotient;
3.3;dividing polynomials;Zero of a function;
3.3;dividing polynomials;Rational function;
3.3;dividing polynomials;Divisor;
3.3;dividing polynomials;Arithmetic;
3.3;dividing polynomials;Homogeneous polynomial;
3.3;dividing polynomials;Coefficient;
3.3;dividing polynomials;Zero (complex analysis);
3.3;dividing polynomials;Integer;
3.3;dividing polynomials;Ratio;
3.3;dividing polynomials;Maxima and minima;
3.3;dividing polynomials;Number;
3.3;dividing polynomials;Square (algebra);
3.3;dividing polynomials;Multiplication;
3.3;dividing polynomials;Equation;
3.3;dividing polynomials;Algorithm;
3.4;real zeros of polynomials;Polynomial;
3.4;real zeros of polynomials;Descartes' rule of signs;2
3.4;real zeros of polynomials;Synthetic division;
3.4;real zeros of polynomials;Rational root theorem;2
3.4;real zeros of polynomials;Theory of equations;
3.4;real zeros of polynomials;Quintic function;
3.4;real zeros of polynomials;Algebraic equation;
3.4;real zeros of polynomials;Quadratic formula;
3.4;real zeros of polynomials;Factorization;
3.4;real zeros of polynomials;Quartic function;
3.4;real zeros of polynomials;Quadratic equation;
3.4;real zeros of polynomials;Cubic function;
3.4;real zeros of polynomials;constant term;
3.4;real zeros of polynomials;Coefficient;
3.5;complex numbers;Complex number;2
3.5;complex numbers;Number;
3.5;complex numbers;Imaginary number;
3.5;complex numbers;Complex conjugate;
3.5;complex numbers;Square root;
3.5;complex numbers;Quadratic equation;
3.5;complex numbers;Nth root;
3.5;complex numbers;Fundamental theorem of algebra;
3.5;complex numbers;Quadratic formula;
3.5;complex numbers;Square (algebra);
3.5;complex numbers;Negative number;
3.5;complex numbers;Discriminant;
3.5;complex numbers;Exponentiation;
3.5;complex numbers;Polynomial;
3.5;complex numbers;Fraction (mathematics);
3.5;complex numbers;Multiplication;
#3.6;complex zeros and the fundamental theorem of algebra;Fundamental theorem of algebra;
#3.6;complex zeros and the fundamental theorem of algebra;Algebra;
#3.6;complex zeros and the fundamental theorem of algebra;Theorem;
#3.6;complex zeros and the fundamental theorem of algebra;Factorization;
#3.6;complex zeros and the fundamental theorem of algebra;Zero of a function;
#3.6;complex zeros and the fundamental theorem of algebra;Polynomial;
#3.6;complex zeros and the fundamental theorem of algebra;Zero (complex analysis);
#3.6;complex zeros and the fundamental theorem of algebra;Multiplicity (mathematics);
#3.6;complex zeros and the fundamental theorem of algebra;Complex number;
#3.6;complex zeros and the fundamental theorem of algebra;Root of unity;
#3.6;complex zeros and the fundamental theorem of algebra;Partial fraction decomposition;
#3.6;complex zeros and the fundamental theorem of algebra;Cube root;
#3.6;complex zeros and the fundamental theorem of algebra;Complex conjugate;
#3.6;complex zeros and the fundamental theorem of algebra;Rational function;
#3.6;complex zeros and the fundamental theorem of algebra;Nth root;
#3.6;complex zeros and the fundamental theorem of algebra;Quadratic formula;
#3.6;complex zeros and the fundamental theorem of algebra;Number;
#3.6;complex zeros and the fundamental theorem of algebra;Algebraic equation;
#3.6;complex zeros and the fundamental theorem of algebra;Imaginary number;
#3.6;complex zeros and the fundamental theorem of algebra;Synthetic division;
#3.6;complex zeros and the fundamental theorem of algebra;Square (algebra);
#3.6;complex zeros and the fundamental theorem of algebra;Coefficient;
#3.6;complex zeros and the fundamental theorem of algebra;Square root;
#3.6;complex zeros and the fundamental theorem of algebra;Quadratic function;
#3.6;complex zeros and the fundamental theorem of algebra;constant term;
#3.6;complex zeros and the fundamental theorem of algebra;Equation;
#3.6;complex zeros and the fundamental theorem of algebra;Cube (algebra);
#3.6;complex zeros and the fundamental theorem of algebra;Homogeneous polynomial;
#3.6;complex zeros and the fundamental theorem of algebra;Square root of 2;
#3.6;complex zeros and the fundamental theorem of algebra;Exponentiation;
#3.6;complex zeros and the fundamental theorem of algebra;Multiplication;
#3.6;complex zeros and the fundamental theorem of algebra;Linear function;
#3.6;complex zeros and the fundamental theorem of algebra;Division (mathematics);
#3.6;complex zeros and the fundamental theorem of algebra;Negative number;
#3.6;complex zeros and the fundamental theorem of algebra;Fraction (mathematics);
#3.6;complex zeros and the fundamental theorem of algebra;Matrix (mathematics);
#3.6;complex zeros and the fundamental theorem of algebra;constant (mathematics);
#3.6;complex zeros and the fundamental theorem of algebra;Constant (mathematics);
#3.6;complex zeros and the fundamental theorem of algebra;Real number;
#3.6;complex zeros and the fundamental theorem of algebra;0 (number);
#3.6;complex zeros and the fundamental theorem of algebra;Group (mathematics);
#3.6;complex zeros and the fundamental theorem of algebra;Summation;
#3.6;complex zeros and the fundamental theorem of algebra;Divisor;
#3.6;complex zeros and the fundamental theorem of algebra;Product (mathematics);
#3.6;complex zeros and the fundamental theorem of algebra;Polygon;
#3.6;complex zeros and the fundamental theorem of algebra;Basis (linear algebra);
#3.6;complex zeros and the fundamental theorem of algebra;Integer;
#3.6;complex zeros and the fundamental theorem of algebra;Quotient;
#3.6;complex zeros and the fundamental theorem of algebra;Function (mathematics);
#3.6;complex zeros and the fundamental theorem of algebra;Empty sum;
#3.7;rational functions;Ratio;
#3.7;rational functions;Rational function;
#3.7;rational functions;Asymptote;
#3.7;rational functions;Polynomial;
#3.7;rational functions;Synthetic division;
#3.7;rational functions;Descartes' rule of signs;
#3.7;rational functions;Factorization;
#3.7;rational functions;Quartic function;
#3.7;rational functions;Division (mathematics);
#3.7;rational functions;Quadratic equation;
#3.7;rational functions;Quadratic function;
#3.7;rational functions;Zero (complex analysis);
#3.7;rational functions;Logarithm;
#3.7;rational functions;Cubic function;
#3.7;rational functions;Fraction (mathematics);
#3.7;rational functions;Zero of a function;
#3.7;rational functions;Number;
#3.7;rational functions;Degree of a polynomial;
#3.7;rational functions;Prime number;
#3.7;rational functions;Quadratic formula;
#3.7;rational functions;Curve fitting;
#3.7;rational functions;Graph of a function;
#3.7;rational functions;Extended real number line;
#3.7;rational functions;Complex number;
#3.7;rational functions;Algorithm;
#3.7;rational functions;Parabola;
#3.7;rational functions;Multiplication;
#3.7;rational functions;Multiplicity (mathematics);
#3.7;rational functions;0 (number);
#3.7;rational functions;Square (algebra);
#3.7;rational functions;Coefficient;
#3.7;rational functions;1 (number);
#3.7;rational functions;Nth root;
#3.7;rational functions;Equation;
#3.7;rational functions;Variable (mathematics);
#3.7;rational functions;Area;
#3.7;rational functions;Domain of a function;
#3.7;rational functions;Cartesian coordinate system;
#3.7;rational functions;Maxima and minima;
#3.7;rational functions;Integer;
#3.7;rational functions;Trajectory;
#3.7;rational functions;Function (mathematics);
#3.7;rational functions;Matrix (mathematics);
#3.7;rational functions;Algebra;
#3.7;rational functions;Line (geometry);
#3.7;rational functions;Decimal;
#3.7;rational functions;Curve;
#3.7;rational functions;Inequality (mathematics);
#3.7;rational functions;Infinity;
#3.7;rational functions;Term (logic);


4.1;exponential function;Exponential function;2
4.1;exponential function;Exponential growth;
4.1;exponential function;Logarithm;
4.1;exponential function;Exponentiation;
4.1;exponential function;Asymptote;
4.1;exponential function;Scientific notation;
4.1;exponential function;base (exponentiation);1
4.1;exponential function;Base (exponentiation);
4.1;exponential function;Periodic function;
4.1;exponential function;Function (mathematics);
4.1;exponential function;Range (mathematics);
4.1;exponential function;Constant function;
4.1;exponential function;Summation;
4.1;exponential function;Number;
4.1;exponential function;Value (mathematics);
4.1;exponential function;Statistical unit;
4.1;exponential function;Domain of a function;
4.1;exponential function;Fraction (mathematics);
4.1;exponential function;Order of magnitude;
4.1;exponential function;Monotonic function;
4.1;exponential function;Graph of a function;
4.1;exponential function;Significant figures;
4.1;exponential function;Cartesian coordinate system;
4.1;exponential function;Exercise (mathematics);
4.1;exponential function;Multiplication;
4.1;exponential function;Variable (mathematics);
4.1;exponential function;Approximation;
4.1;exponential function;Decimal;
4.1;exponential function;Base (topology);
4.1;exponential function;Real number;
4.2;the natural exponential functio;Exponential function;
4.2;the natural exponential functio;E (mathematical constant);2
4.2;the natural exponential functio;Natural logarithm;2
4.2;the natural exponential functio;Hyperbolic function;
4.2;the natural exponential functio;Logarithm;
4.2;the natural exponential functio;Exponentiation;
4.2;the natural exponential functio;Logistic function;
4.2;the natural exponential functio;Tree (set theory);
4.2;the natural exponential functio;Significant figures;
4.2;the natural exponential functio;Proportionality (mathematics);
4.2;the natural exponential functio;Scientific notation;
4.2;the natural exponential functio;Calculus;
4.2;the natural exponential functio;Addition;
4.2;the natural exponential functio;base (exponentiation);
4.2;the natural exponential functio;Base (exponentiation);
4.2;the natural exponential functio;Asymptote;
4.2;the natural exponential functio;Graph of a function;
4.2;the natural exponential functio;Trigonometric functions;
4.2;the natural exponential functio;Sine;
4.2;the natural exponential functio;Limit (mathematics);
4.2;the natural exponential functio;Function (mathematics);
4.2;the natural exponential functio;Value (mathematics);
4.2;the natural exponential functio;Force;
4.2;the natural exponential functio;Work (physics);
4.2;the natural exponential functio;Multiplication;
4.2;the natural exponential functio;constant (mathematics);
4.2;the natural exponential functio;Constant (mathematics);
4.2;the natural exponential functio;Parabola;
4.2;the natural exponential functio;Number;
4.2;the natural exponential functio;Exercise (mathematics);

4.4;laws of logarithm;Logarithm;2
4.4;laws of logarithm;Common logarithm;1
4.4;laws of logarithm;Natural logarithm;1
4.4;laws of logarithm;Binary logarithm;1
4.4;laws of logarithm;Exponentiation;
4.4;laws of logarithm;base (exponentiation);
4.4;laws of logarithm;Base (exponentiation);
4.4;laws of logarithm;Multiplication;
4.4;laws of logarithm;Stirling's approximation;
4.4;laws of logarithm;Significant figures;
4.4;laws of logarithm;Combination;
4.4;laws of logarithm;Expression (mathematics);
4.4;laws of logarithm;Summation;
4.4;laws of logarithm;Magnitude (mathematics);
4.4;laws of logarithm;magnitude (mathematics);
4.4;laws of logarithm;Variable (mathematics);
4.4;laws of logarithm;Number;
4.4;laws of logarithm;Probability distribution;
4.4;laws of logarithm;Graph of a function;
4.4;laws of logarithm;Quotient;
4.4;laws of logarithm;Function (mathematics);
4.4;laws of logarithm;Equation;
4.4;laws of logarithm;Value (mathematics);
4.4;laws of logarithm;Distributive property;
4.4;laws of logarithm;Subtraction;
4.4;laws of logarithm;Asterisk;
4.4;laws of logarithm;constant (mathematics);
4.4;laws of logarithm;Constant (mathematics);
4.4;laws of logarithm;sum;
4.4;laws of logarithm;Sign (mathematics);



5.1;the unit circl;Circle;
5.1;the unit circl;Unit circle;2
5.1;the unit circl;Trigonometric functions;
5.1;the unit circl;Quadrant (plane geometry);
5.1;the unit circl;Cartesian coordinate system;
5.1;the unit circl;Origin (mathematics);
5.1;the unit circl;Radius;
5.1;the unit circl;Sign (mathematics);
5.1;the unit circl;Clockwise;
5.1;the unit circl;Trigonometry;
5.1;the unit circl;Coordinate system;
5.1;the unit circl;Direction (geometry);
5.1;the unit circl;Distance;
5.1;the unit circl;Line-line intersection;
5.1;the unit circl;Square (algebra);
5.1;the unit circl;Line (geometry);
5.1;the unit circl;Number;
5.1;the unit circl;Subtraction;
5.1;the unit circl;Point (geometry);
5.1;the unit circl;Linear equation;
5.1;the unit circl;Equation;
5.1;the unit circl;Exercise (mathematics);
5.1;the unit circl;Multiplication;
5.1;the unit circl;Real number;
5.1;the unit circl;Significant figures;
5.1;the unit circl;Set (mathematics);
5.1;the unit circl;Sinc function;
5.1;the unit circl;Statistical unit;
5.1;the unit circl;Decimal;
5.1;the unit circl;Function (mathematics);
5.2;trigonometric functions of real number;Trigonometric functions;
5.2;trigonometric functions of real number;Real number;
5.2;trigonometric functions of real number;Number;
5.2;trigonometric functions of real number;Unit circle;
5.2;trigonometric functions of real number;Pythagorean trigonometric identity;1
5.2;trigonometric functions of real number;Sine;1
5.2;trigonometric functions of real number;Trigonometry;
5.2;trigonometric functions of real number;Identity (mathematics);
5.2;trigonometric functions of real number;Quadrant (plane geometry);
5.2;trigonometric functions of real number;Exponentiation;
5.2;trigonometric functions of real number;Triangle;
5.2;trigonometric functions of real number;Radian;
5.2;trigonometric functions of real number;Multiplicative inverse;
5.2;trigonometric functions of real number;Cathetus;
5.2;trigonometric functions of real number;Angle;
5.2;trigonometric functions of real number;Sign (mathematics);
5.2;trigonometric functions of real number;Square root;
5.2;trigonometric functions of real number;Right triangle;
5.2;trigonometric functions of real number;Distance;
5.2;trigonometric functions of real number;Circle;
5.2;trigonometric functions of real number;Pi;
5.2;trigonometric functions of real number;Square (algebra);
5.2;trigonometric functions of real number;Even and odd functions;
5.2;trigonometric functions of real number;Circumscribed circle;
5.2;trigonometric functions of real number;Direction (geometry);
5.2;trigonometric functions of real number;Cartesian coordinate system;
5.2;trigonometric functions of real number;Reduction (mathematics);
5.2;trigonometric functions of real number;Sinc function;
5.2;trigonometric functions of real number;Gradian;
5.2;trigonometric functions of real number;Nth root;

5.5;inverse trigonometric functions and their graph;Inverse trigonometric functions;2
5.5;inverse trigonometric functions and their graph;Trigonometric functions;
5.5;inverse trigonometric functions and their graph;Sine;
5.5;inverse trigonometric functions and their graph;Inverse function;
5.5;inverse trigonometric functions and their graph;Trigonometry;
5.5;inverse trigonometric functions and their graph;Unit circle;
5.5;inverse trigonometric functions and their graph;Secant line;1
5.5;inverse trigonometric functions and their graph;Radian;
5.5;inverse trigonometric functions and their graph;Injective function;
5.5;inverse trigonometric functions and their graph;Function composition;
5.5;inverse trigonometric functions and their graph;Graph of a function;
5.5;inverse trigonometric functions and their graph;Function (mathematics);
5.5;inverse trigonometric functions and their graph;Tangent;
5.5;inverse trigonometric functions and their graph;Triangle;
5.5;inverse trigonometric functions and their graph;Domain of a function;
5.5;inverse trigonometric functions and their graph;Calculus;
5.5;inverse trigonometric functions and their graph;Circle;
5.5;inverse trigonometric functions and their graph;Sinc function;
5.5;inverse trigonometric functions and their graph;Range (mathematics);
5.5;inverse trigonometric functions and their graph;Interval (mathematics);
5.5;inverse trigonometric functions and their graph;Approximation;
5.5;inverse trigonometric functions and their graph;Value (mathematics);
5.5;inverse trigonometric functions and their graph;Sign (mathematics);
5.5;inverse trigonometric functions and their graph;Inverse element;
5.5;inverse trigonometric functions and their graph;Exercise (mathematics);
5.5;inverse trigonometric functions and their graph;Statistical unit;
5.5;inverse trigonometric functions and their graph;Unit (ring theory);
5.5;inverse trigonometric functions and their graph;Line (geometry);
5.5;inverse trigonometric functions and their graph;Partially ordered set;
5.5;inverse trigonometric functions and their graph;Expression (mathematics);

